strategy,selected_users,selected_rate,coupon_cost,incremental_profit,roi,aipw_incremental_profit,aipw_roi,aipw_ci_low,aipw_ci_high,auuc,qini,oracle_tau_auuc,avg_predicted_incremental_profit,avg_true_tau_profit
DR-Learner,28354,0.16202285714285714,24999.9872342601,5088.238847179532,0.2035296578154482,5214.771350313339,0.20859096052525145,4558.614700510681,5850.8810159591085,13236.678683935339,2335.608232822793,6166.032201276674,0.16107703121526826,0.1794540046264897
T-Learner,29763,0.1700742857142857,24999.981679849512,5065.908945254888,0.2026365063034471,5624.378724468882,0.2249753138420195,4690.399428969683,6462.653141855841,12174.139248510575,2276.5529256614927,5218.807881107285,0.20342472139999956,0.17020827689597368
CVR Targeting,33851,0.19343428571428573,24999.98209592527,1470.952789885665,0.05883815373313466,1647.8676608744559,0.06591475364068523,527.8180947383804,2435.9434918051884,8016.747016086971,354.5323454465581,3222.555580607228,0.11035576049703501,0.04345374700557303
GMV Targeting,34274,0.19585142857142857,24999.981423512447,859.8715522149018,0.03439488764604416,930.5296155110155,0.037221212278016086,-383.44954740946554,2000.7219683085004,7860.215654198664,243.2599595256263,3048.4264705116716,2.518664059299487,0.025088158727166222
Random,35431,0.20246285714285714,24999.92835804138,-470.2566811875144,-0.01881032115183056,-702.8697863682527,-0.02811487202291003,-1568.4104206943064,-111.52777672665442,8197.477757102584,-34.37055035588341,1947.306167604138,0.8689833426718205,-0.013272464259758724
